{
    "$schema": "https://developer.microsoft.com/en-us/json-schemas/teams/v1.13/MicrosoftTeams.schema.json",
    "manifestVersion": "1.13",
    "version": "1.0.0",
    "id": "{{state.fx-resource-appstudio.teamsAppId}}",
    "packageName": "com.microsoft.teams.extension",
    "developer": {
        "name": "Teams App, Inc.",
        "websiteUrl": "https://www.example.com",
        "privacyUrl": "https://www.example.com/termofuse",
        "termsOfUseUrl": "https://www.example.com/privacy"
    },
    "icons": {
        "color": "resources/color.png",
        "outline": "resources/outline.png"
    },
    "name": {
        "short": "{{config.manifest.appName.short}}",
        "full": "{{config.manifest.appName.full}}"
    },
    "description": {
        "short": "Short description of {{config.manifest.appName.short}}",
        "full": "Full description of {{config.manifest.appName.short}}"
    },
    "accentColor": "#FFFFFF",
    "bots": [
        {
            "botId": "{{state.fx-resource-bot.botId}}",
            "scopes": [
                "personal",
                "team",
                "groupchat"
            ],
            "supportsFiles": false,
            "isNotificationOnly": false,
            "commandLists": [
                {
                    "scopes": [
                        "personal",
                        "team",
                        "groupchat"
                    ],
                    "commands": [
                        {
                            "title": "helloWorld",
                            "description": "A helloworld command to send a welcome message"
                        }
                    ]
                }
            ]
        }
    ],
    "composeExtensions": [],
    "configurableTabs": [],
    "staticTabs": [],
    "permissions": [
        "identity",
        "messageTeamMembers"
    ],
    "validDomains": [
        "{{state.fx-resource-bot.validDomain}}"
    ],
    "webApplicationInfo": {
        "id": "{{state.fx-resource-aad-app-for-teams.clientId}}",
        "resource": "{{state.fx-resource-aad-app-for-teams.applicationIdUris}}"
    }
}